hashtag,url
#soraArt,https://hololive.hololivepro.com/wp-content/uploads/2021/05/tokino_sora_thumb.png
#ロボ子Art,https://hololive.hololivepro.com/wp-content/uploads/2020/06/roboco-san_thumb.png
#miko_Art,https://hololive.hololivepro.com/wp-content/uploads/2023/02/Sakura-Miko_thumb.png
#ほしまちぎゃらりー,https://hololive.hololivepro.com/wp-content/uploads/2023/04/Hoshimachi-Suisei_list_thumb-1.png
#AZKiART,https://hololive.hololivepro.com/wp-content/uploads/2022/12/AZKi_list_thumb.png
#メルArt,https://hololive.hololivepro.com/wp-content/uploads/2023/04/Yozora-Mel_list_thumb.png
#アロ絵,https://hololive.hololivepro.com/wp-content/uploads/2023/04/Aki-Rosenthal_list_thumb.png
#はあとart,https://hololive.hololivepro.com/wp-content/uploads/2023/04/Akai-Haato_list_thumb.png
#絵フブキ,https://hololive.hololivepro.com/wp-content/uploads/2020/06/Shirakami-Fubuki_list_thumb.png
#祭絵,https://hololive.hololivepro.com/wp-content/uploads/2023/04/Natsuiro-Matsuri_list_thumb.png
#あくあーと,https://hololive.hololivepro.com/wp-content/uploads/2023/04/Minato-Aqua_list_thumb.png
#シオンの書物,https://hololive.hololivepro.com/wp-content/uploads/2021/12/shion_thumb.png
#しょこらーと,https://hololive.hololivepro.com/wp-content/uploads/2023/04/Yuzuki-Choco_list_thumb.png
#プロテインザスバル,https://hololive.hololivepro.com/wp-content/uploads/2023/04/Oozora-Subaru_list_thumb.png
#百鬼絵巻,https://hololive.hololivepro.com/wp-content/uploads/2020/06/Nakiri-Ayame_list_thumb.png
#みおーん絵,https://hololive.hololivepro.com/wp-content/uploads/2023/01/Ookami-Mio_thumb.png
#絵かゆ,https://hololive.hololivepro.com/wp-content/uploads/2023/04/Nekomata-Okayu_list_thumb.png
#できたてころね,https://hololive.hololivepro.com/wp-content/uploads/2023/04/Inugami-Korone_list_thumb.png
#ぺこらーと,https://hololive.hololivepro.com/wp-content/uploads/2023/04/Usada-Pekora_list_thumb.png
#絵クロマンサー,https://pbs.twimg.com/media/FwkKIYEaYAEJcXG?format=jpg
#しらぬえ,https://hololive.hololivepro.com/wp-content/uploads/2023/04/Shiranui-Flare_list_thumb.png
#ノエラート,https://hololive.hololivepro.com/wp-content/uploads/2023/01/Shirogane-Noel_thumb.png
#マリンのお宝,https://hololive.hololivepro.com/wp-content/uploads/2021/05/houshou_marine_thumb.png
#かなたーと,https://hololive.hololivepro.com/wp-content/uploads/2023/04/Amane-Kanata_list_thumb.png
#つのまきあーと,https://hololive.hololivepro.com/wp-content/uploads/2023/04/Tsunomaki-Watame_list_thumb-1.png
#TOWART,https://hololive.hololivepro.com/wp-content/uploads/2020/06/Tokoyami-Towa_list_thumb.png
#ルーナート,https://hololive.hololivepro.com/wp-content/uploads/2020/06/Himemori-Luna_list_thumb.png
#みかじ絵,https://hololive.hololivepro.com/wp-content/uploads/2023/04/Kiryu-Coco_list_thumb-1.png
#LamyArt,https://hololive.hololivepro.com/wp-content/uploads/2020/06/Yukihana-Lamy_list_thumb.png
#ねねアルバム,https://hololive.hololivepro.com/wp-content/uploads/2020/06/Momosuzu-Nene_list_thumb.png
#ししらーと,https://hololive.hololivepro.com/wp-content/uploads/2020/07/Shishiro-Botan_list_thumb.png
#絵まる,https://hololive.hololivepro.com/wp-content/uploads/2023/04/Omaru-Polka_list_thumb.png
#まのあろ絵,https://pbs.twimg.com/media/Fw5tKH1XwAA57wG?format=jpg&name=orig
#Laplus_Artdesu,https://hololive.hololivepro.com/wp-content/uploads/2020/07/La-Darknesss_list_thumb.png
#Luillust,https://hololive.hololivepro.com/wp-content/uploads/2020/07/Takane-Lui_list_thumb.png
#こよりすけっち,https://hololive.hololivepro.com/wp-content/uploads/2020/07/Hakui-Koyori_list_thumb.png
#さかまた飼育日記,https://hololive.hololivepro.com/wp-content/uploads/2020/07/Sakamata-Chloe_list_thumb.png
#いろはにも絵を,https://hololive.hololivepro.com/wp-content/uploads/2020/07/Kazama-Iroha_list_thumb.png
#ioarts,https://hololive.hololivepro.com/wp-content/uploads/2022/04/%E3%83%AA%E3%82%B9-1.png
#HoshinovArt,https://hololive.hololivepro.com/wp-content/uploads/2022/04/ムーナ-1.png
#GambaRisu,https://hololive.hololivepro.com/wp-content/uploads/2022/04/%E3%82%A4%E3%82%AA%E3%83%95%E3%82%A3-1.png
#graveyART,https://hololive.hololivepro.com/wp-content/uploads/2020/07/Kureiji-Ollie_list_thumb.png
#anyatelier,https://hololive.hololivepro.com/wp-content/uploads/2020/07/Anya-Melfissa_list_thumb.png
#Reinessance,https://hololive.hololivepro.com/wp-content/uploads/2020/07/Pavolia-Reine_list_thumb.png
#Zetacrylic,https://hololive.hololivepro.com/wp-content/uploads/2022/03/1_%E3%83%99%E3%82%B9%E3%83%86%E3%82%A3%E3%82%A2%E3%83%BB%E3%82%BC%E3%83%BC%E3%82%BF.png
#inKaela,https://hololive.hololivepro.com/wp-content/uploads/2022/03/2_%E3%82%AB%E3%82%A8%E3%83%A9%E3%83%BB%E3%82%B3%E3%83%B4%E3%82%A1%E3%83%AB%E3%82%B9%E3%82%AD%E3%82%A2.png
#AeruSeni,https://hololive.hololivepro.com/wp-content/uploads/2022/03/3_%E3%81%93%E3%81%BC%E3%83%BB%E3%81%8B%E3%81%AA%E3%81%88%E3%82%8B.png
#callillust,https://hololive.hololivepro.com/wp-content/uploads/2022/04/%E3%82%AB%E3%83%AA%E3%82%AA%E3%83%9A.png
#カリイラスト,https://hololive.hololivepro.com/wp-content/uploads/2022/04/%E3%82%AB%E3%83%AA%E3%82%AA%E3%83%9A.png
#artsofashes,https://hololive.hololivepro.com/wp-content/uploads/2023/01/Takanashi-Kiara_thumb.png
#絵ニックス,https://hololive.hololivepro.com/wp-content/uploads/2023/01/Takanashi-Kiara_thumb.png
#inART,https://hololive.hololivepro.com/wp-content/uploads/2022/04/%E3%81%84%E3%81%AA%E3%81%AB%E3%81%99.png
#いなート,https://hololive.hololivepro.com/wp-content/uploads/2022/04/%E3%81%84%E3%81%AA%E3%81%AB%E3%81%99.png
#gawrt,https://hololive.hololivepro.com/wp-content/uploads/2022/04/%E3%81%90%E3%82%89.png
#ameliaRT,https://hololive.hololivepro.com/wp-content/uploads/2022/04/%E3%82%A2%E3%83%A1%E3%83%AA%E3%82%A2.png
#IRySart,https://hololive.hololivepro.com/wp-content/uploads/2023/10/IRyS_list_thumb.png
#galaxillust,https://hololive.hololivepro.com/wp-content/uploads/2021/08/%E4%B9%9D%E5%8D%81%E4%B9%9D-%E4%BD%90%E5%91%BD-1.png
#FineFaunart,https://hololive.hololivepro.com/wp-content/uploads/2023/10/Ceres-Fauna_list_thumb.png
#kronillust,https://hololive.hololivepro.com/wp-content/uploads/2023/10/Ouro-Kronii_list_thumb.png
#クロニーラスト,https://hololive.hololivepro.com/wp-content/uploads/2023/10/Ouro-Kronii_list_thumb.png
#drawMEI,https://hololive.hololivepro.com/wp-content/uploads/2023/10/Nanashi-Mumei_list_thumb.png
#ムメ絵,https://hololive.hololivepro.com/wp-content/uploads/2023/10/Nanashi-Mumei_list_thumb.png
#illustrayBAE,https://hololive.hololivepro.com/wp-content/uploads/2023/10/Hakos-Baelz_list_thumb.png
#ベーアート,https://hololive.hololivepro.com/wp-content/uploads/2023/10/Hakos-Baelz_list_thumb.png
#faunline,https://hololive.hololivepro.com/wp-content/uploads/2023/10/Ceres-Fauna_list_thumb.png
#絵ーちゃん,https://hololive.hololivepro.com/wp-content/uploads/2023/02/FriendA_thumb.png
#のどかあーと,https://hololive.hololivepro.com/wp-content/uploads/2023/04/Harusaki-Nodoka_list_thumb.png
#ShiorinOnAir,https://hololive.hololivepro.com/wp-content/uploads/2023/07/Shiori-Novella_list_thumb.png
#bijouwled,https://hololive.hololivepro.com/wp-content/uploads/2023/07/Koseki-Bijou_list_thumb.png
#RavenCrafts,https://hololive.hololivepro.com/wp-content/uploads/2023/07/Nerissa-Ravencroft_list_thumb.png
#FWMCpix,https://hololive.hololivepro.com/wp-content/uploads/2023/07/Mococo-Abyssgard_list_thumb.png
#青ペン,https://hololive.hololivepro.com/wp-content/uploads/2023/09/Hiodoshi-Ao_list_thumb.png
#Artnose,https://hololive.hololivepro.com/wp-content/uploads/2023/09/Otonose-Kanade_list_thumb.png
#ririkart,https://hololive.hololivepro.com/wp-content/uploads/2023/09/Ichijou-Ririka_list_thumb.png
#らでん似絵,https://hololive.hololivepro.com/wp-content/uploads/2023/09/Juufuutei-Raden_list_thumb.png
#はじめ武勇伝,https://hololive.hololivepro.com/wp-content/uploads/2023/09/Todoroki-Hajime_list_thumb.png
#AIart #hololive,https://pbs.twimg.com/media/F1eVK2oaUAAjMq-?format=jpg&name=orig